-- phpMyAdmin SQL Dump
-- version 5.0.3
-- https://www.phpmyadmin.net/
--
-- Host: 127.0.0.1
-- Generation Time: Dec 14, 2020 at 07:10 AM
-- Server version: 10.4.14-MariaDB
-- PHP Version: 7.2.34

SET SQL_MODE = "NO_AUTO_VALUE_ON_ZERO";
START TRANSACTION;
SET time_zone = "+00:00";


/*!40101 SET @OLD_CHARACTER_SET_CLIENT=@@CHARACTER_SET_CLIENT */;
/*!40101 SET @OLD_CHARACTER_SET_RESULTS=@@CHARACTER_SET_RESULTS */;
/*!40101 SET @OLD_COLLATION_CONNECTION=@@COLLATION_CONNECTION */;
/*!40101 SET NAMES utf8mb4 */;

--
-- Database: `cted_inv`
--

-- --------------------------------------------------------

--
-- Table structure for table `buildings`
--

CREATE TABLE `buildings` (
  `id` int(11) NOT NULL,
  `building_id` varchar(100) NOT NULL,
  `building_type` varchar(100) NOT NULL,
  `package_id` varchar(100) NOT NULL,
  `created_at` datetime NOT NULL DEFAULT current_timestamp(),
  `updated_at` datetime DEFAULT NULL
) ENGINE=InnoDB DEFAULT CHARSET=utf8;

-- --------------------------------------------------------

--
-- Table structure for table `chart_data_column`
--

CREATE TABLE `chart_data_column` (
  `month` varchar(10) NOT NULL,
  `sale` int(3) NOT NULL,
  `profit` int(3) NOT NULL
) ENGINE=InnoDB DEFAULT CHARSET=utf8;

-- --------------------------------------------------------

--
-- Table structure for table `complain_type`
--

CREATE TABLE `complain_type` (
  `id` int(11) NOT NULL,
  `complain_type` varchar(500) NOT NULL
) ENGINE=InnoDB DEFAULT CHARSET=utf8;

-- --------------------------------------------------------

--
-- Table structure for table `country`
--

CREATE TABLE `country` (
  `id` int(11) NOT NULL,
  `iso` char(2) NOT NULL,
  `name` varchar(80) NOT NULL,
  `nicename` varchar(80) NOT NULL,
  `iso3` char(3) DEFAULT NULL,
  `numcode` smallint(6) DEFAULT NULL,
  `phonecode` int(5) NOT NULL
) ENGINE=MyISAM DEFAULT CHARSET=latin1;

-- --------------------------------------------------------

--
-- Table structure for table `history`
--

CREATE TABLE `history` (
  `id` int(10) UNSIGNED NOT NULL,
  `type_id` int(10) UNSIGNED NOT NULL,
  `user_id` int(10) UNSIGNED NOT NULL,
  `entity_id` int(10) UNSIGNED DEFAULT NULL,
  `icon` varchar(191) COLLATE utf8mb4_unicode_ci DEFAULT NULL,
  `class` varchar(191) COLLATE utf8mb4_unicode_ci DEFAULT NULL,
  `text` varchar(191) COLLATE utf8mb4_unicode_ci NOT NULL,
  `assets` text COLLATE utf8mb4_unicode_ci DEFAULT NULL,
  `created_at` timestamp NULL DEFAULT NULL,
  `updated_at` timestamp NULL DEFAULT NULL
) ENGINE=InnoDB DEFAULT CHARSET=utf8mb4 COLLATE=utf8mb4_unicode_ci;

-- --------------------------------------------------------

--
-- Table structure for table `history_types`
--

CREATE TABLE `history_types` (
  `id` int(10) UNSIGNED NOT NULL,
  `name` varchar(191) COLLATE utf8mb4_unicode_ci NOT NULL,
  `created_at` timestamp NULL DEFAULT NULL,
  `updated_at` timestamp NULL DEFAULT NULL
) ENGINE=InnoDB DEFAULT CHARSET=utf8mb4 COLLATE=utf8mb4_unicode_ci;

-- --------------------------------------------------------

--
-- Table structure for table `inv_challan`
--

CREATE TABLE `inv_challan` (
  `id` int(11) NOT NULL,
  `challan_no` varchar(100) NOT NULL,
  `challan_date` varchar(100) NOT NULL,
  `csn` varchar(100) NOT NULL,
  `remarks` longtext NOT NULL,
  `status` varchar(100) NOT NULL
) ENGINE=InnoDB DEFAULT CHARSET=utf8;

-- --------------------------------------------------------

--
-- Table structure for table `inv_complain`
--

CREATE TABLE `inv_complain` (
  `id` int(11) NOT NULL,
  `complain_id` varchar(100) NOT NULL,
  `date` varchar(100) NOT NULL,
  `vehicle_reg_no` varchar(100) NOT NULL,
  `client_name` varchar(100) NOT NULL,
  `address` varchar(1000) NOT NULL,
  `chasis_no` varchar(100) NOT NULL,
  `brand_model` varchar(100) NOT NULL,
  `engine_no` varchar(100) NOT NULL,
  `owner_phone` varchar(100) NOT NULL,
  `email` varchar(100) NOT NULL,
  `driver_phone` varchar(100) NOT NULL,
  `milege` varchar(100) NOT NULL
) ENGINE=InnoDB DEFAULT CHARSET=utf8;

-- --------------------------------------------------------

--
-- Table structure for table `inv_complaindetails`
--

CREATE TABLE `inv_complaindetails` (
  `id` int(11) NOT NULL,
  `complain_id` varchar(100) NOT NULL,
  `complain_details` varchar(5000) NOT NULL,
  `status` varchar(100) NOT NULL
) ENGINE=InnoDB DEFAULT CHARSET=utf8;

-- --------------------------------------------------------

--
-- Table structure for table `inv_designation`
--

CREATE TABLE `inv_designation` (
  `id` int(11) NOT NULL,
  `des_id` varchar(100) NOT NULL,
  `designation` varchar(200) NOT NULL
) ENGINE=InnoDB DEFAULT CHARSET=utf8;

-- --------------------------------------------------------

--
-- Table structure for table `inv_employee`
--

CREATE TABLE `inv_employee` (
  `id` int(11) NOT NULL,
  `employee_id` varchar(100) NOT NULL,
  `name` varchar(100) NOT NULL,
  `designation` varchar(100) NOT NULL,
  `department` varchar(100) NOT NULL,
  `grade` varchar(100) NOT NULL,
  `category` varchar(100) NOT NULL,
  `company` varchar(100) NOT NULL,
  `division` varchar(100) NOT NULL,
  `branch` varchar(100) NOT NULL,
  `section` varchar(100) NOT NULL,
  `location` varchar(100) NOT NULL,
  `join_date` varchar(100) NOT NULL,
  `status` varchar(100) NOT NULL,
  `sex` varchar(100) NOT NULL
) ENGINE=InnoDB DEFAULT CHARSET=utf8;

-- --------------------------------------------------------

--
-- Table structure for table `inv_ga_listunit`
--

CREATE TABLE `inv_ga_listunit` (
  `id` int(11) NOT NULL,
  `lunit_id` varchar(10) CHARACTER SET utf8 NOT NULL,
  `lunit_name` varchar(25) CHARACTER SET utf8 NOT NULL
) ENGINE=InnoDB DEFAULT CHARSET=latin1;

-- --------------------------------------------------------

--
-- Table structure for table `inv_invoice`
--

CREATE TABLE `inv_invoice` (
  `id` int(11) NOT NULL,
  `invoice_no` varchar(100) NOT NULL,
  `invoice_date` varchar(100) NOT NULL,
  `job_card_no` varchar(100) NOT NULL,
  `total_qty` varchar(100) NOT NULL,
  `total_amount` varchar(100) NOT NULL,
  `total_service` varchar(100) NOT NULL,
  `grand_total` varchar(100) NOT NULL,
  `debit` varchar(100) NOT NULL,
  `credit` varchar(100) NOT NULL,
  `status` varchar(100) NOT NULL
) ENGINE=InnoDB DEFAULT CHARSET=utf8;

-- --------------------------------------------------------

--
-- Table structure for table `inv_invoice_details`
--

CREATE TABLE `inv_invoice_details` (
  `id` int(11) NOT NULL,
  `invoice_no` varchar(100) NOT NULL,
  `material_id` varchar(100) NOT NULL,
  `qty` varchar(100) NOT NULL,
  `unit_price` varchar(100) NOT NULL,
  `part_no` varchar(100) NOT NULL
) ENGINE=InnoDB DEFAULT CHARSET=utf8;

-- --------------------------------------------------------

--
-- Table structure for table `inv_issue`
--

CREATE TABLE `inv_issue` (
  `id` int(11) NOT NULL,
  `issue_id` varchar(25) NOT NULL,
  `issue_date` date NOT NULL,
  `received_by` varchar(100) NOT NULL,
  `receiver_phone` varchar(100) NOT NULL,
  `remarks` varchar(100) CHARACTER SET utf8 NOT NULL,
  `project_id` varchar(25) CHARACTER SET utf8 NOT NULL,
  `warehouse_id` varchar(100) NOT NULL,
  `issued_by` varchar(100) NOT NULL,
  `approval_status` tinyint(1) NOT NULL DEFAULT 0,
  `approved_by` varchar(100) NOT NULL,
  `approved_at` datetime DEFAULT NULL,
  `approval_remarks` longtext NOT NULL,
  `issue_image` varchar(1000) NOT NULL
) ENGINE=InnoDB DEFAULT CHARSET=latin1;

-- --------------------------------------------------------

--
-- Table structure for table `inv_issuedetail`
--

CREATE TABLE `inv_issuedetail` (
  `id` int(11) NOT NULL,
  `issue_id` varchar(15) CHARACTER SET utf8 NOT NULL,
  `issue_date` date NOT NULL,
  `material_id` varchar(9) CHARACTER SET utf8 NOT NULL,
  `material_name` varchar(100) NOT NULL,
  `unit` varchar(100) NOT NULL,
  `issue_qty` float NOT NULL,
  `issue_price` float NOT NULL,
  `part_no` varchar(200) NOT NULL,
  `project_id` varchar(100) NOT NULL,
  `warehouse_id` varchar(100) NOT NULL,
  `package_id` varchar(100) NOT NULL,
  `building_id` varchar(100) NOT NULL,
  `approval_status` tinyint(1) NOT NULL DEFAULT 0
) ENGINE=InnoDB DEFAULT CHARSET=latin1;

-- --------------------------------------------------------

--
-- Table structure for table `inv_item_unit`
--

CREATE TABLE `inv_item_unit` (
  `id` int(11) NOT NULL,
  `unit_name` varchar(400) NOT NULL
) ENGINE=InnoDB DEFAULT CHARSET=latin1;

--
-- Dumping data for table `inv_item_unit`
--

INSERT INTO `inv_item_unit` (`id`, `unit_name`) VALUES
(20, 'Pcs'),
(21, 'Ltr'),
(22, 'Kg'),
(23, 'Sets');

-- --------------------------------------------------------

--
-- Table structure for table `inv_job_card`
--

CREATE TABLE `inv_job_card` (
  `id` int(11) NOT NULL,
  `job_card_no` varchar(100) NOT NULL,
  `date` varchar(100) NOT NULL,
  `complain_id` varchar(100) NOT NULL,
  `milege` varchar(100) NOT NULL,
  `remarks` longtext NOT NULL,
  `inv_status` varchar(100) NOT NULL
) ENGINE=InnoDB DEFAULT CHARSET=utf8;

-- --------------------------------------------------------

--
-- Table structure for table `inv_job_card_details`
--

CREATE TABLE `inv_job_card_details` (
  `id` int(11) NOT NULL,
  `job_card_no` varchar(100) NOT NULL,
  `task_details` varchar(100) NOT NULL,
  `assign_to` varchar(100) NOT NULL
) ENGINE=InnoDB DEFAULT CHARSET=utf8;

-- --------------------------------------------------------

--
-- Table structure for table `inv_material`
--

CREATE TABLE `inv_material` (
  `id` int(11) NOT NULL,
  `material_id_code` varchar(100) DEFAULT NULL,
  `material_id` varchar(15) CHARACTER SET utf8 DEFAULT NULL,
  `material_sub_id` varchar(25) CHARACTER SET utf8 DEFAULT NULL,
  `material_level3_id` int(11) DEFAULT NULL,
  `material_level4_id` int(11) DEFAULT NULL,
  `material_description` varchar(75) CHARACTER SET utf8 DEFAULT NULL,
  `spec` varchar(100) NOT NULL,
  `type` varchar(100) NOT NULL,
  `material_min_stock` int(11) DEFAULT NULL,
  `avg_con_sump` int(11) DEFAULT NULL,
  `lead_time` int(11) DEFAULT NULL,
  `re_order_level` int(11) NOT NULL,
  `qty_unit` varchar(15) CHARACTER SET utf8 DEFAULT NULL,
  `op_balance_qty` int(11) NOT NULL,
  `op_balance_val` int(11) NOT NULL,
  `chk_print` int(11) DEFAULT NULL,
  `cur_qty` int(11) DEFAULT NULL,
  `cur_price` int(11) DEFAULT NULL,
  `cur_value` int(11) DEFAULT NULL,
  `last_issue` date DEFAULT NULL,
  `last_receive` date DEFAULT NULL,
  `part_no` varchar(100) NOT NULL
) ENGINE=InnoDB DEFAULT CHARSET=latin1;

-- --------------------------------------------------------

--
-- Table structure for table `inv_materialbalance`
--

CREATE TABLE `inv_materialbalance` (
  `id` int(11) NOT NULL,
  `mb_ref_id` varchar(25) CHARACTER SET utf8 NOT NULL,
  `mb_materialid` varchar(25) CHARACTER SET utf8 NOT NULL,
  `mb_date` date NOT NULL,
  `mbin_qty` float NOT NULL,
  `mbin_val` float NOT NULL,
  `mbout_qty` float NOT NULL,
  `mbout_val` float NOT NULL,
  `mbprice` float NOT NULL,
  `mbtype` varchar(30) CHARACTER SET utf8 NOT NULL,
  `mbserial` float NOT NULL,
  `mbserial_id` varchar(10) CHARACTER SET utf8 NOT NULL,
  `mbunit_id` varchar(15) CHARACTER SET utf8 NOT NULL,
  `jvno` varchar(25) CHARACTER SET utf8 NOT NULL,
  `part_no` varchar(200) DEFAULT NULL,
  `project_id` varchar(100) NOT NULL,
  `warehouse_id` varchar(100) NOT NULL,
  `package_id` varchar(100) NOT NULL,
  `building_id` varchar(100) NOT NULL,
  `approval_status` tinyint(1) NOT NULL DEFAULT 0
) ENGINE=InnoDB DEFAULT CHARSET=latin1;

-- --------------------------------------------------------

--
-- Table structure for table `inv_materialcategory`
--

CREATE TABLE `inv_materialcategory` (
  `id` int(11) NOT NULL,
  `material_sub_id` varchar(15) CHARACTER SET utf8 DEFAULT NULL,
  `category_id` varchar(15) CHARACTER SET utf8 NOT NULL,
  `material_sub_description` varchar(75) CHARACTER SET utf8 NOT NULL
) ENGINE=InnoDB DEFAULT CHARSET=latin1;

--
-- Dumping data for table `inv_materialcategory`
--

INSERT INTO `inv_materialcategory` (`id`, `material_sub_id`, `category_id`, `material_sub_description`) VALUES
(116, '01-01-00-00-000', '46', 'ZPMC'),
(117, '01-02-00-00-000', '46', 'MHI'),
(118, '02-01-00-00-000', '47', 'ZPMC'),
(119, '02-02-00-00-000', '47', 'KALMAR'),
(120, '02-03-00-00-000', '47', 'LIEBHERR'),
(121, '03-01-00-00-000', '48', 'KALMAR'),
(122, '03-02-00-00-000', '48', 'LIEBHERR'),
(123, '06-01-00-00-000', '51', 'TATA'),
(124, '06-02-00-00-000', '51', 'EICHER'),
(125, '04-01-00-00-000', '49', 'KALMAR'),
(126, '04-02-00-00-000', '49', 'DOOSAN'),
(127, '05-01-00-00-000', '50', 'LIEBHERR'),
(128, '08-01-00-00-000', '53', 'DIESEL'),
(129, '08-02-00-00-000', '53', 'OCTEN'),
(130, '08-03-00-00-000', '53', 'CNG');

-- --------------------------------------------------------

--
-- Table structure for table `inv_materialcategorysub`
--

CREATE TABLE `inv_materialcategorysub` (
  `id` int(11) NOT NULL,
  `category_id` varchar(15) CHARACTER SET utf8 DEFAULT NULL,
  `category_description` varchar(75) CHARACTER SET utf8 DEFAULT NULL,
  `stock_acct_id` varchar(15) CHARACTER SET utf8 DEFAULT NULL,
  `chk_sbalance` int(11) DEFAULT NULL,
  `consumption_ac` varchar(20) CHARACTER SET utf8 DEFAULT NULL
) ENGINE=InnoDB DEFAULT CHARSET=latin1;

--
-- Dumping data for table `inv_materialcategorysub`
--

INSERT INTO `inv_materialcategorysub` (`id`, `category_id`, `category_description`, `stock_acct_id`, `chk_sbalance`, `consumption_ac`) VALUES
(46, '01-00-00-00-000', 'QGC', NULL, NULL, NULL),
(47, '02-00-00-00-000', 'RTG', NULL, NULL, NULL),
(48, '03-00-00-00-000', 'RST', NULL, NULL, NULL),
(49, '04-00-00-00-000', 'FLT', NULL, NULL, NULL),
(50, '05-00-00-00-000', 'MHC', NULL, NULL, NULL),
(51, '06-00-00-00-000', 'PM', NULL, NULL, NULL),
(52, '07-00-00-00-000', 'TYRE', NULL, NULL, NULL),
(53, '08-00-00-00-000', 'FUEL', NULL, NULL, NULL),
(54, '09-00-00-00-000', 'LUBRICANTS', NULL, NULL, NULL);

-- --------------------------------------------------------

--
-- Table structure for table `inv_material_level3`
--

CREATE TABLE `inv_material_level3` (
  `id` int(11) NOT NULL,
  `material_level3_code` varchar(15) NOT NULL,
  `category_id` varchar(15) NOT NULL,
  `category_sub_id` varchar(15) NOT NULL,
  `material_level3_description` varchar(50) NOT NULL
) ENGINE=InnoDB DEFAULT CHARSET=utf8;

--
-- Dumping data for table `inv_material_level3`
--

INSERT INTO `inv_material_level3` (`id`, `material_level3_code`, `category_id`, `category_sub_id`, `material_level3_description`) VALUES
(14, '01-02-01-00-000', '46', '117', 'Electrical'),
(15, '01-02-02-00-000', '46', '117', 'Mechanical'),
(16, '01-02-03-00-000', '46', '117', 'Hydraulic'),
(17, '01-01-01-00-000', '46', '116', 'Electrical'),
(18, '01-01-02-00-000', '46', '116', 'Mechanical'),
(19, '01-01-03-00-000', '46', '116', 'Hydraulic'),
(20, '02-02-01-00-000', '47', '119', 'Electrical'),
(21, '02-02-02-00-000', '47', '119', 'Mechanical'),
(22, '02-02-03-00-000', '47', '119', 'Hydraulic'),
(23, '02-02-04-00-000', '47', '119', 'Engine'),
(24, '02-03-01-00-000', '47', '120', 'Electrical'),
(25, '02-03-02-00-000', '47', '120', 'Mechanical'),
(26, '02-03-03-00-000', '47', '120', 'Hydraulic'),
(27, '02-03-04-00-000', '47', '120', 'Engine'),
(29, '02-01-01-00-000', '47', '118', 'Electrical'),
(30, '02-01-02-00-000', '47', '118', 'Mechanical'),
(31, '02-01-03-00-000', '47', '118', 'Hydraulic'),
(32, '02-01-04-00-000', '47', '118', 'Engine');

-- --------------------------------------------------------

--
-- Table structure for table `inv_material_level4`
--

CREATE TABLE `inv_material_level4` (
  `id` int(11) NOT NULL,
  `material_level4_code` varchar(15) NOT NULL,
  `category_id` varchar(15) NOT NULL,
  `category_sub_id` varchar(15) NOT NULL,
  `level3_id` varchar(15) NOT NULL,
  `material_level4_description` varchar(50) NOT NULL
) ENGINE=InnoDB DEFAULT CHARSET=utf8;

--
-- Dumping data for table `inv_material_level4`
--

INSERT INTO `inv_material_level4` (`id`, `material_level4_code`, `category_id`, `category_sub_id`, `level3_id`, `material_level4_description`) VALUES
(6, '01-02-01-01-000', '46', '117', '14', 'Electrical '),
(7, '01-02-03-01-000', '46', '117', '16', 'Hydraulic'),
(8, '01-02-02-01-000', '46', '117', '15', 'Mechanical'),
(9, '01-01-01-01-000', '46', '116', '17', 'Electrical'),
(10, '01-01-03-01-000', '46', '116', '19', 'Hydraulic'),
(11, '01-01-02-01-000', '46', '116', '18', 'Mechanical'),
(12, '02-02-01-01-000', '47', '119', '20', 'Electrical'),
(13, '02-02-02-01-000', '47', '119', '21', 'Mechanical'),
(14, '02-02-03-01-000', '47', '119', '22', 'Hydraulic'),
(15, '02-02-04-01-000', '47', '119', '23', 'Volvo Penta'),
(16, '02-02-04-02-000', '47', '119', '23', 'AGCO SISU'),
(18, '02-03-04-01-000', '47', '120', '27', 'Volvo Penta'),
(19, '02-01-04-01-000', '47', '118', '32', 'CUMMINS');

-- --------------------------------------------------------

--
-- Table structure for table `inv_particulars`
--

CREATE TABLE `inv_particulars` (
  `id` int(11) NOT NULL,
  `particulars_id` varchar(100) NOT NULL,
  `type_id` varchar(100) NOT NULL,
  `particulars` varchar(1000) NOT NULL
) ENGINE=InnoDB DEFAULT CHARSET=utf8;

-- --------------------------------------------------------

--
-- Table structure for table `inv_particulars_type`
--

CREATE TABLE `inv_particulars_type` (
  `id` int(11) NOT NULL,
  `type_id` varchar(100) NOT NULL,
  `type` varchar(100) NOT NULL
) ENGINE=InnoDB DEFAULT CHARSET=utf8;

-- --------------------------------------------------------

--
-- Table structure for table `inv_purchase`
--

CREATE TABLE `inv_purchase` (
  `id` int(11) NOT NULL,
  `purchase_no` varchar(25) CHARACTER SET utf8 NOT NULL,
  `purchase_date` datetime DEFAULT NULL,
  `purchase_id` varchar(15) CHARACTER SET utf8 DEFAULT NULL,
  `receive_acct_id` varchar(15) CHARACTER SET utf8 DEFAULT NULL,
  `supplier_id` varchar(15) CHARACTER SET utf8 DEFAULT NULL,
  `postedtogl` int(11) DEFAULT NULL,
  `remarks` varchar(180) CHARACTER SET utf8 DEFAULT NULL,
  `purchase_type` varchar(25) CHARACTER SET utf8 DEFAULT NULL,
  `purchase_ware_hosue_id` int(11) DEFAULT NULL,
  `purchase_unit_id` varchar(15) CHARACTER SET utf8 DEFAULT NULL,
  `chk_year_end` int(11) DEFAULT NULL,
  `receive_total` float DEFAULT NULL,
  `no_of_material` float DEFAULT NULL,
  `challanno` varchar(500) DEFAULT NULL,
  `jv_no` varchar(25) CHARACTER SET utf8 DEFAULT NULL,
  `part_no` varchar(200) DEFAULT NULL,
  `requisitionno` varchar(500) DEFAULT NULL,
  `requisition_date` datetime DEFAULT NULL,
  `project_id` varchar(100) NOT NULL,
  `warehouse_id` varchar(100) NOT NULL
) ENGINE=InnoDB DEFAULT CHARSET=latin1;

-- --------------------------------------------------------

--
-- Table structure for table `inv_purchasedetail`
--

CREATE TABLE `inv_purchasedetail` (
  `id` int(11) NOT NULL,
  `purchase_no` varchar(25) CHARACTER SET utf8 NOT NULL,
  `material_id` varchar(25) CHARACTER SET utf8 NOT NULL,
  `unit_id` int(11) DEFAULT NULL,
  `purchase_qty` float NOT NULL,
  `unit_price` float NOT NULL,
  `sl_no` int(11) NOT NULL,
  `total_purchase` float NOT NULL,
  `rd_serial_id` varchar(20) CHARACTER SET utf8 NOT NULL,
  `part_no` varchar(200) DEFAULT NULL,
  `project_id` varchar(100) NOT NULL,
  `warehouse_id` varchar(100) NOT NULL
) ENGINE=InnoDB DEFAULT CHARSET=latin1;

-- --------------------------------------------------------

--
-- Table structure for table `inv_receive`
--

CREATE TABLE `inv_receive` (
  `id` int(11) NOT NULL,
  `mrr_no` varchar(25) CHARACTER SET utf8 NOT NULL,
  `mrr_date` date DEFAULT NULL,
  `purchase_id` varchar(15) CHARACTER SET utf8 DEFAULT NULL,
  `receive_acct_id` varchar(15) CHARACTER SET utf8 DEFAULT NULL,
  `supplier_id` varchar(15) CHARACTER SET utf8 DEFAULT NULL,
  `postedtogl` int(11) DEFAULT NULL,
  `vat_challan_no` varchar(100) NOT NULL,
  `remarks` varchar(180) CHARACTER SET utf8 DEFAULT NULL,
  `receive_type` varchar(25) CHARACTER SET utf8 DEFAULT NULL,
  `project_id` varchar(100) NOT NULL,
  `warehouse_id` varchar(100) DEFAULT NULL,
  `receive_unit_id` varchar(15) CHARACTER SET utf8 DEFAULT NULL,
  `chk_year_end` int(11) DEFAULT NULL,
  `receive_total` float DEFAULT NULL,
  `no_of_material` float DEFAULT NULL,
  `challanno` varchar(500) DEFAULT NULL,
  `challan_date` date NOT NULL,
  `jv_no` varchar(25) CHARACTER SET utf8 DEFAULT NULL,
  `part_no` varchar(200) DEFAULT NULL,
  `requisitionno` varchar(500) DEFAULT NULL,
  `requisition_date` datetime DEFAULT NULL,
  `received_by` varchar(100) NOT NULL,
  `approval_status` tinyint(1) NOT NULL DEFAULT 0,
  `approved_by` varchar(100) NOT NULL,
  `approved_at` datetime DEFAULT NULL,
  `approval_remarks` longtext NOT NULL,
  `mrr_image` varchar(10000) NOT NULL
) ENGINE=InnoDB DEFAULT CHARSET=latin1;

-- --------------------------------------------------------

--
-- Table structure for table `inv_receivedetail`
--

CREATE TABLE `inv_receivedetail` (
  `id` int(11) NOT NULL,
  `mrr_no` varchar(25) CHARACTER SET utf8 NOT NULL,
  `material_id` varchar(25) CHARACTER SET utf8 NOT NULL,
  `material_name` varchar(100) NOT NULL,
  `unit_id` int(11) DEFAULT NULL,
  `receive_qty` float NOT NULL,
  `unit_price` float NOT NULL,
  `sl_no` int(11) NOT NULL,
  `total_receive` float NOT NULL,
  `rd_serial_id` varchar(20) CHARACTER SET utf8 NOT NULL,
  `part_no` varchar(200) DEFAULT NULL,
  `project_id` varchar(100) NOT NULL,
  `warehouse_id` varchar(1000) NOT NULL,
  `approval_status` tinyint(1) NOT NULL DEFAULT 0
) ENGINE=InnoDB DEFAULT CHARSET=latin1;

-- --------------------------------------------------------

--
-- Table structure for table `inv_requisition`
--

CREATE TABLE `inv_requisition` (
  `id` int(11) NOT NULL,
  `requisition_id` varchar(25) NOT NULL,
  `project_id` int(11) DEFAULT NULL,
  `requisition_date` datetime NOT NULL,
  `remarks` varchar(100) CHARACTER SET utf8 DEFAULT NULL,
  `no_of_material` float NOT NULL
) ENGINE=InnoDB DEFAULT CHARSET=latin1;

-- --------------------------------------------------------

--
-- Table structure for table `inv_requisition_details`
--

CREATE TABLE `inv_requisition_details` (
  `id` int(11) NOT NULL,
  `requisition_id` varchar(15) CHARACTER SET utf8 NOT NULL,
  `material_id` varchar(9) CHARACTER SET utf8 NOT NULL,
  `requisition_qty` float NOT NULL,
  `sl_no` int(11) NOT NULL
) ENGINE=InnoDB DEFAULT CHARSET=latin1;

-- --------------------------------------------------------

--
-- Table structure for table `inv_return`
--

CREATE TABLE `inv_return` (
  `id` int(11) NOT NULL,
  `return_id` varchar(25) NOT NULL,
  `return_date` date NOT NULL,
  `remarks` varchar(100) CHARACTER SET utf8 NOT NULL,
  `project_id` varchar(25) CHARACTER SET utf8 NOT NULL,
  `warehouse_id` varchar(100) NOT NULL,
  `package_id` varchar(100) NOT NULL,
  `building_id` varchar(100) NOT NULL,
  `approval_status` varchar(100) NOT NULL
) ENGINE=InnoDB DEFAULT CHARSET=latin1;

-- --------------------------------------------------------

--
-- Table structure for table `inv_returndetail`
--

CREATE TABLE `inv_returndetail` (
  `id` int(11) NOT NULL,
  `return_id` varchar(15) CHARACTER SET utf8 NOT NULL,
  `return_date` date NOT NULL,
  `material_id` varchar(9) CHARACTER SET utf8 NOT NULL,
  `material_name` varchar(100) NOT NULL,
  `unit` varchar(100) NOT NULL,
  `return_qty` float NOT NULL,
  `return_price` float NOT NULL,
  `part_no` varchar(200) NOT NULL,
  `project_id` varchar(100) NOT NULL,
  `warehouse_id` varchar(100) NOT NULL
) ENGINE=InnoDB DEFAULT CHARSET=latin1;

-- --------------------------------------------------------

--
-- Table structure for table `inv_serviceinvoice`
--

CREATE TABLE `inv_serviceinvoice` (
  `id` int(11) NOT NULL,
  `invoice_no` varchar(100) NOT NULL,
  `job_card_no` varchar(100) NOT NULL,
  `service_name` varchar(2000) NOT NULL,
  `amount` varchar(100) NOT NULL
) ENGINE=InnoDB DEFAULT CHARSET=utf8;

-- --------------------------------------------------------

--
-- Table structure for table `inv_supplier`
--

CREATE TABLE `inv_supplier` (
  `id` int(11) NOT NULL,
  `supplier_id` varchar(20) CHARACTER SET utf8 NOT NULL,
  `supplier_company` varchar(120) CHARACTER SET utf8 NOT NULL,
  `supplier_address` varchar(150) CHARACTER SET utf8 NOT NULL,
  `supplier_city` varchar(50) CHARACTER SET utf8 NOT NULL,
  `supplier_country` varchar(50) CHARACTER SET utf8 NOT NULL,
  `contact_person` varchar(75) CHARACTER SET utf8 NOT NULL,
  `sposition` varchar(75) CHARACTER SET utf8 NOT NULL,
  `supplier_phone` varchar(18) CHARACTER SET utf8 NOT NULL,
  `supplier_op_balance` float NOT NULL,
  `supplier_type` varchar(100) NOT NULL,
  `material_type` varchar(100) NOT NULL,
  `cc` varchar(20) CHARACTER SET utf8 NOT NULL
) ENGINE=InnoDB DEFAULT CHARSET=latin1;

-- --------------------------------------------------------

--
-- Table structure for table `inv_supplierbalance`
--

CREATE TABLE `inv_supplierbalance` (
  `id` int(11) NOT NULL,
  `sb_ref_id` varchar(15) CHARACTER SET utf8 NOT NULL,
  `warehouse_id` varchar(100) NOT NULL,
  `sb_date` date NOT NULL,
  `sb_supplier_id` varchar(15) CHARACTER SET utf8 NOT NULL,
  `sb_dr_amount` float NOT NULL,
  `sb_cr_amount` float NOT NULL,
  `sb_remark` varchar(175) CHARACTER SET utf8 NOT NULL,
  `sb_partac_id` varchar(25) CHARACTER SET utf8 NOT NULL,
  `approval_status` tinyint(1) NOT NULL DEFAULT 0
) ENGINE=InnoDB DEFAULT CHARSET=latin1;

-- --------------------------------------------------------

--
-- Table structure for table `inv_technicianinfo`
--

CREATE TABLE `inv_technicianinfo` (
  `id` int(11) NOT NULL,
  `name` varchar(500) NOT NULL,
  `department` varchar(100) NOT NULL,
  `dob` varchar(100) NOT NULL,
  `gender` varchar(100) NOT NULL,
  `address` varchar(5000) NOT NULL,
  `district` varchar(100) NOT NULL,
  `postcode` varchar(100) NOT NULL,
  `telephone` varchar(100) NOT NULL,
  `mobile` varchar(100) NOT NULL,
  `emg_contact` varchar(100) NOT NULL,
  `emg_rel` varchar(100) NOT NULL,
  `emg_tel` varchar(100) NOT NULL,
  `emg_mob` varchar(100) NOT NULL
) ENGINE=InnoDB DEFAULT CHARSET=utf8;

-- --------------------------------------------------------

--
-- Table structure for table `inv_tranferdetail`
--

CREATE TABLE `inv_tranferdetail` (
  `id` int(11) NOT NULL,
  `transfer_id` varchar(100) NOT NULL,
  `material_id` varchar(100) NOT NULL,
  `material_name` varchar(100) NOT NULL,
  `transfer_qty` varchar(100) NOT NULL,
  `unit` varchar(100) NOT NULL,
  `type` varchar(100) NOT NULL,
  `inwarehouse` varchar(100) NOT NULL,
  `outwarehouse` varchar(100) NOT NULL
) ENGINE=InnoDB DEFAULT CHARSET=utf8;

-- --------------------------------------------------------

--
-- Table structure for table `inv_transfermaster`
--

CREATE TABLE `inv_transfermaster` (
  `id` int(11) NOT NULL,
  `transfer_id` varchar(100) NOT NULL,
  `transfer_date` varchar(100) NOT NULL,
  `from_warehouse` varchar(100) NOT NULL,
  `to_warehouse` varchar(100) NOT NULL,
  `remarks` longtext NOT NULL
) ENGINE=InnoDB DEFAULT CHARSET=utf8;

-- --------------------------------------------------------

--
-- Table structure for table `inv_voucher`
--

CREATE TABLE `inv_voucher` (
  `id` int(11) NOT NULL,
  `voucher_id` varchar(100) NOT NULL,
  `voucher_date` varchar(100) NOT NULL
) ENGINE=InnoDB DEFAULT CHARSET=utf8;

-- --------------------------------------------------------

--
-- Table structure for table `inv_voucherdetails`
--

CREATE TABLE `inv_voucherdetails` (
  `id` int(11) NOT NULL,
  `voucher_id` varchar(100) NOT NULL,
  `voucher_cat` varchar(100) NOT NULL,
  `voucher_type` varchar(100) NOT NULL,
  `voucher_details` varchar(5000) NOT NULL,
  `amount` varchar(100) NOT NULL
) ENGINE=InnoDB DEFAULT CHARSET=utf8;

-- --------------------------------------------------------

--
-- Table structure for table `inv_voucher_cat`
--

CREATE TABLE `inv_voucher_cat` (
  `id` int(11) NOT NULL,
  `voucher_id` varchar(100) NOT NULL,
  `voucher_name` varchar(100) NOT NULL
) ENGINE=InnoDB DEFAULT CHARSET=utf8;

-- --------------------------------------------------------

--
-- Table structure for table `inv_warehosueinfo`
--

CREATE TABLE `inv_warehosueinfo` (
  `id` int(11) NOT NULL,
  `warehouse_id` varchar(100) NOT NULL,
  `name` varchar(75) CHARACTER SET utf8 NOT NULL,
  `short_name` varchar(100) NOT NULL,
  `project_id` varchar(100) NOT NULL,
  `address` varchar(1000) NOT NULL,
  `created_by` int(11) DEFAULT NULL,
  `updated_by` int(11) NOT NULL,
  `created_at` timestamp NOT NULL DEFAULT current_timestamp(),
  `updated_at` timestamp NULL DEFAULT NULL,
  `deleted_at` timestamp NULL DEFAULT NULL
) ENGINE=InnoDB DEFAULT CHARSET=latin1;

--
-- Dumping data for table `inv_warehosueinfo`
--

INSERT INTO `inv_warehosueinfo` (`id`, `warehouse_id`, `name`, `short_name`, `project_id`, `address`, `created_by`, `updated_by`, `created_at`, `updated_at`, `deleted_at`) VALUES
(1, 'WH-001', 'CTED Warehouse', 'CTW', '1', 'Chattogram Port, Chattogram', NULL, 0, '2020-12-14 04:49:26', NULL, NULL),
(2, 'WH-002', 'Halishahar Warehouse', 'HW', '1', 'Halishahar, Chattogram', NULL, 0, '2020-12-14 04:50:03', NULL, NULL);

-- --------------------------------------------------------

--
-- Table structure for table `items`
--

CREATE TABLE `items` (
  `id` int(11) NOT NULL,
  `name` varchar(400) DEFAULT NULL,
  `code` varchar(4) DEFAULT NULL,
  `created_by` int(11) DEFAULT NULL,
  `updated_by` int(11) DEFAULT NULL,
  `created_at` int(11) DEFAULT NULL,
  `updated_at` timestamp NULL DEFAULT NULL,
  `deleted_at` timestamp NULL DEFAULT NULL
) ENGINE=InnoDB DEFAULT CHARSET=latin1;

-- --------------------------------------------------------

--
-- Table structure for table `item_details`
--

CREATE TABLE `item_details` (
  `id` int(11) NOT NULL,
  `parent_item_id` int(11) NOT NULL,
  `sub_item_id` int(11) NOT NULL,
  `name` varchar(500) NOT NULL,
  `item_code` varchar(400) NOT NULL,
  `description` text NOT NULL,
  `user_id` int(11) NOT NULL
) ENGINE=InnoDB DEFAULT CHARSET=utf8;

-- --------------------------------------------------------

--
-- Table structure for table `materialbalance`
--

CREATE TABLE `materialbalance` (
  `id` int(11) NOT NULL,
  `mb_ref_id` varchar(25) CHARACTER SET utf8 NOT NULL,
  `mb_materialid` varchar(25) CHARACTER SET utf8 NOT NULL,
  `mb_date` date NOT NULL,
  `mbin_qty` float NOT NULL,
  `mbin_val` float NOT NULL,
  `mbout_qty` float NOT NULL,
  `mbout_val` float NOT NULL,
  `mbprice` float NOT NULL,
  `mbtype` varchar(30) CHARACTER SET utf8 NOT NULL,
  `mbserial` float NOT NULL,
  `mbserial_id` varchar(10) CHARACTER SET utf8 NOT NULL,
  `mbunit_id` varchar(15) CHARACTER SET utf8 NOT NULL,
  `jvno` varchar(25) CHARACTER SET utf8 NOT NULL,
  `part_no` varchar(200) DEFAULT NULL
) ENGINE=InnoDB DEFAULT CHARSET=latin1;

-- --------------------------------------------------------

--
-- Table structure for table `menus`
--

CREATE TABLE `menus` (
  `id` int(10) UNSIGNED NOT NULL,
  `type` enum('backend','frontend') COLLATE utf8mb4_unicode_ci NOT NULL,
  `name` varchar(191) COLLATE utf8mb4_unicode_ci NOT NULL,
  `items` text COLLATE utf8mb4_unicode_ci DEFAULT NULL,
  `created_by` int(10) UNSIGNED NOT NULL,
  `updated_by` int(10) UNSIGNED DEFAULT NULL,
  `created_at` timestamp NULL DEFAULT NULL,
  `updated_at` timestamp NULL DEFAULT NULL,
  `deleted_at` timestamp NULL DEFAULT NULL
) ENGINE=InnoDB DEFAULT CHARSET=utf8mb4 COLLATE=utf8mb4_unicode_ci;

-- --------------------------------------------------------

--
-- Table structure for table `migrations`
--

CREATE TABLE `migrations` (
  `id` int(10) UNSIGNED NOT NULL,
  `migration` varchar(191) COLLATE utf8mb4_unicode_ci NOT NULL,
  `batch` int(11) NOT NULL
) ENGINE=InnoDB DEFAULT CHARSET=utf8mb4 COLLATE=utf8mb4_unicode_ci;

-- --------------------------------------------------------

--
-- Table structure for table `modules`
--

CREATE TABLE `modules` (
  `id` int(10) UNSIGNED NOT NULL,
  `view_permission_id` varchar(191) COLLATE utf8mb4_unicode_ci NOT NULL,
  `name` varchar(191) COLLATE utf8mb4_unicode_ci NOT NULL,
  `url` varchar(191) COLLATE utf8mb4_unicode_ci DEFAULT NULL COMMENT 'view_route',
  `created_by` int(10) UNSIGNED NOT NULL,
  `updated_by` int(10) UNSIGNED DEFAULT NULL,
  `created_at` timestamp NULL DEFAULT NULL,
  `updated_at` timestamp NULL DEFAULT NULL
) ENGINE=InnoDB DEFAULT CHARSET=utf8mb4 COLLATE=utf8mb4_unicode_ci;

-- --------------------------------------------------------

--
-- Table structure for table `notifications`
--

CREATE TABLE `notifications` (
  `id` int(10) UNSIGNED NOT NULL,
  `message` varchar(191) COLLATE utf8mb4_unicode_ci NOT NULL,
  `user_id` int(10) UNSIGNED NOT NULL,
  `type` tinyint(1) NOT NULL DEFAULT 1 COMMENT '1 - Dashboard , 2 - Email , 3 - Both',
  `is_read` tinyint(1) NOT NULL DEFAULT 0,
  `created_at` timestamp NULL DEFAULT NULL,
  `updated_at` timestamp NULL DEFAULT NULL
) ENGINE=InnoDB DEFAULT CHARSET=utf8mb4 COLLATE=utf8mb4_unicode_ci;

-- --------------------------------------------------------

--
-- Table structure for table `packages`
--

CREATE TABLE `packages` (
  `id` int(11) NOT NULL,
  `package_id` varchar(100) NOT NULL,
  `project_id` int(11) NOT NULL,
  `warehouse_id` varchar(100) NOT NULL,
  `name` varchar(100) NOT NULL,
  `short_name` varchar(100) NOT NULL,
  `created_at` datetime NOT NULL DEFAULT current_timestamp(),
  `updated_at` datetime DEFAULT NULL
) ENGINE=InnoDB DEFAULT CHARSET=utf8;

-- --------------------------------------------------------

--
-- Table structure for table `pages`
--

CREATE TABLE `pages` (
  `id` int(10) UNSIGNED NOT NULL,
  `title` varchar(191) COLLATE utf8mb4_unicode_ci NOT NULL,
  `page_slug` varchar(191) COLLATE utf8mb4_unicode_ci NOT NULL,
  `description` text COLLATE utf8mb4_unicode_ci DEFAULT NULL,
  `cannonical_link` varchar(191) COLLATE utf8mb4_unicode_ci DEFAULT NULL,
  `seo_title` varchar(191) COLLATE utf8mb4_unicode_ci DEFAULT NULL,
  `seo_keyword` varchar(191) COLLATE utf8mb4_unicode_ci DEFAULT NULL,
  `seo_description` text COLLATE utf8mb4_unicode_ci DEFAULT NULL,
  `status` tinyint(1) NOT NULL DEFAULT 1,
  `created_by` int(10) UNSIGNED NOT NULL,
  `updated_by` int(10) UNSIGNED DEFAULT NULL,
  `created_at` timestamp NULL DEFAULT NULL,
  `updated_at` timestamp NULL DEFAULT NULL,
  `deleted_at` timestamp NULL DEFAULT NULL
) ENGINE=InnoDB DEFAULT CHARSET=utf8mb4 COLLATE=utf8mb4_unicode_ci;

-- --------------------------------------------------------

--
-- Table structure for table `parent_category`
--

CREATE TABLE `parent_category` (
  `id` int(11) NOT NULL,
  `name` varchar(500) NOT NULL,
  `parent_code` varchar(400) NOT NULL,
  `description` text NOT NULL,
  `user_id` int(11) NOT NULL
) ENGINE=InnoDB DEFAULT CHARSET=utf8;

-- --------------------------------------------------------

--
-- Table structure for table `password_resets`
--

CREATE TABLE `password_resets` (
  `email` varchar(191) COLLATE utf8mb4_unicode_ci NOT NULL,
  `token` varchar(191) COLLATE utf8mb4_unicode_ci NOT NULL,
  `created_at` datetime DEFAULT NULL
) ENGINE=InnoDB DEFAULT CHARSET=utf8mb4 COLLATE=utf8mb4_unicode_ci;

-- --------------------------------------------------------

--
-- Table structure for table `permissions`
--

CREATE TABLE `permissions` (
  `id` int(10) UNSIGNED NOT NULL,
  `name` varchar(191) COLLATE utf8mb4_unicode_ci NOT NULL,
  `display_name` varchar(191) COLLATE utf8mb4_unicode_ci NOT NULL,
  `sort` smallint(5) UNSIGNED NOT NULL DEFAULT 0,
  `status` tinyint(1) NOT NULL DEFAULT 1,
  `created_by` int(11) DEFAULT NULL,
  `updated_by` int(10) UNSIGNED DEFAULT NULL,
  `created_at` timestamp NULL DEFAULT NULL,
  `updated_at` timestamp NULL DEFAULT NULL,
  `deleted_at` timestamp NULL DEFAULT NULL
) ENGINE=InnoDB DEFAULT CHARSET=utf8mb4 COLLATE=utf8mb4_unicode_ci;

-- --------------------------------------------------------

--
-- Table structure for table `permission_role`
--

CREATE TABLE `permission_role` (
  `id` int(10) UNSIGNED NOT NULL,
  `permission_id` int(10) UNSIGNED NOT NULL,
  `role_id` int(10) UNSIGNED NOT NULL
) ENGINE=InnoDB DEFAULT CHARSET=utf8mb4 COLLATE=utf8mb4_unicode_ci;

-- --------------------------------------------------------

--
-- Table structure for table `permission_user`
--

CREATE TABLE `permission_user` (
  `id` int(10) UNSIGNED NOT NULL,
  `permission_id` int(10) UNSIGNED NOT NULL,
  `user_id` int(10) UNSIGNED NOT NULL
) ENGINE=InnoDB DEFAULT CHARSET=utf8mb4 COLLATE=utf8mb4_unicode_ci;

-- --------------------------------------------------------

--
-- Table structure for table `plant_and_equipment`
--

CREATE TABLE `plant_and_equipment` (
  `id` int(11) NOT NULL,
  `project_id` int(11) DEFAULT NULL,
  `equipment_type` int(11) DEFAULT NULL,
  `date_form` datetime DEFAULT NULL,
  `date_to` datetime DEFAULT NULL,
  `name` varchar(700) DEFAULT NULL,
  `eel_code` varchar(300) DEFAULT NULL,
  `country_of_origin` varchar(400) DEFAULT NULL,
  `capacity` varchar(300) DEFAULT NULL,
  `make_by` varchar(300) DEFAULT NULL,
  `model` varchar(300) DEFAULT NULL,
  `year_of_manufac` int(11) DEFAULT NULL,
  `present_location` varchar(300) DEFAULT NULL,
  `present_condition` varchar(400) DEFAULT NULL,
  `remarks` text NOT NULL,
  `created_by` int(11) DEFAULT NULL,
  `updated_by` int(11) DEFAULT NULL,
  `created_at` timestamp NULL DEFAULT NULL,
  `updated_at` timestamp NULL DEFAULT NULL,
  `deleted_at` timestamp NULL DEFAULT NULL
) ENGINE=InnoDB DEFAULT CHARSET=latin1;

-- --------------------------------------------------------

--
-- Table structure for table `present_condition`
--

CREATE TABLE `present_condition` (
  `id` int(11) NOT NULL,
  `name` varchar(500) NOT NULL
) ENGINE=InnoDB DEFAULT CHARSET=latin1;

-- --------------------------------------------------------

--
-- Table structure for table `products`
--

CREATE TABLE `products` (
  `id` int(11) NOT NULL,
  `item_id` int(11) NOT NULL,
  `code` varchar(200) DEFAULT NULL,
  `name` varchar(400) DEFAULT NULL,
  `unit_name` varchar(100) DEFAULT NULL,
  `created_by` int(11) DEFAULT NULL,
  `updated_by` int(11) DEFAULT NULL,
  `created_at` timestamp NULL DEFAULT NULL,
  `updated_at` timestamp NULL DEFAULT NULL,
  `deleted_at` timestamp NULL DEFAULT NULL
) ENGINE=InnoDB DEFAULT CHARSET=latin1;

-- --------------------------------------------------------

--
-- Table structure for table `product_movement`
--

CREATE TABLE `product_movement` (
  `id` int(11) NOT NULL,
  `movement_no` varchar(500) DEFAULT NULL,
  `entry_date` datetime NOT NULL,
  `from_date` datetime DEFAULT NULL,
  `to_date` datetime DEFAULT NULL,
  `project_form` int(11) DEFAULT NULL,
  `project_to` int(11) DEFAULT NULL,
  `total_quantity` int(11) NOT NULL,
  `remarks` text DEFAULT NULL,
  `movement_type` int(11) NOT NULL,
  `created_by` int(11) DEFAULT NULL,
  `updated_by` int(11) DEFAULT NULL,
  `created_at` timestamp NULL DEFAULT NULL,
  `updated_at` timestamp NULL DEFAULT NULL,
  `deleted_at` timestamp NULL DEFAULT NULL
) ENGINE=InnoDB DEFAULT CHARSET=latin1;

-- --------------------------------------------------------

--
-- Table structure for table `product_movement_details`
--

CREATE TABLE `product_movement_details` (
  `id` int(11) NOT NULL,
  `movement_no` varchar(500) NOT NULL,
  `product_id` int(11) NOT NULL,
  `quantity` int(11) DEFAULT NULL,
  `created_by` int(11) DEFAULT NULL,
  `updated_by` int(11) DEFAULT NULL,
  `created_at` timestamp NULL DEFAULT NULL,
  `updated_at` timestamp NULL DEFAULT NULL,
  `deleted_at` timestamp NULL DEFAULT NULL
) ENGINE=InnoDB DEFAULT CHARSET=latin1;

-- --------------------------------------------------------

--
-- Table structure for table `projects`
--

CREATE TABLE `projects` (
  `id` int(11) NOT NULL,
  `code` varchar(200) DEFAULT NULL,
  `name` varchar(500) NOT NULL,
  `incharge` varchar(100) NOT NULL,
  `address` text DEFAULT NULL,
  `created_by` int(11) DEFAULT NULL,
  `updated_by` int(11) DEFAULT NULL,
  `created_at` timestamp NULL DEFAULT current_timestamp(),
  `updated_at` timestamp NULL DEFAULT NULL,
  `deleted_at` timestamp NULL DEFAULT NULL
) ENGINE=InnoDB DEFAULT CHARSET=latin1;

--
-- Dumping data for table `projects`
--

INSERT INTO `projects` (`id`, `code`, `name`, `incharge`, `address`, `created_by`, `updated_by`, `created_at`, `updated_at`, `deleted_at`) VALUES
(1, 'PR-001', 'CTED, Chattogram', 'Lt Commander M Tafsir Uddin Ahmed(Retd)', 'Chattogram Port, Chattogram', NULL, NULL, '2020-12-14 04:48:32', NULL, NULL);

-- --------------------------------------------------------

--
-- Table structure for table `project_type`
--

CREATE TABLE `project_type` (
  `id` int(11) NOT NULL,
  `name` varchar(600) DEFAULT NULL,
  `created_by` int(11) NOT NULL,
  `updated_by` int(11) NOT NULL,
  `created_at` timestamp NOT NULL DEFAULT current_timestamp() ON UPDATE current_timestamp(),
  `updated_at` timestamp NOT NULL DEFAULT '0000-00-00 00:00:00',
  `deleted_at` timestamp NOT NULL DEFAULT '0000-00-00 00:00:00'
) ENGINE=InnoDB DEFAULT CHARSET=latin1;

-- --------------------------------------------------------

--
-- Table structure for table `roles`
--

CREATE TABLE `roles` (
  `id` int(10) UNSIGNED NOT NULL,
  `name` varchar(191) COLLATE utf8mb4_unicode_ci NOT NULL,
  `all` tinyint(1) NOT NULL DEFAULT 0,
  `sort` smallint(5) UNSIGNED NOT NULL DEFAULT 0,
  `status` tinyint(1) NOT NULL DEFAULT 1,
  `created_by` int(11) DEFAULT NULL,
  `updated_by` int(10) UNSIGNED DEFAULT NULL,
  `created_at` timestamp NULL DEFAULT NULL,
  `updated_at` timestamp NULL DEFAULT NULL,
  `deleted_at` timestamp NULL DEFAULT NULL
) ENGINE=InnoDB DEFAULT CHARSET=utf8mb4 COLLATE=utf8mb4_unicode_ci;

-- --------------------------------------------------------

--
-- Table structure for table `role_user`
--

CREATE TABLE `role_user` (
  `id` int(10) UNSIGNED NOT NULL,
  `user_id` int(10) UNSIGNED NOT NULL,
  `role_id` int(10) UNSIGNED NOT NULL
) ENGINE=InnoDB DEFAULT CHARSET=utf8mb4 COLLATE=utf8mb4_unicode_ci;

-- --------------------------------------------------------

--
-- Table structure for table `sessions`
--

CREATE TABLE `sessions` (
  `id` varchar(191) COLLATE utf8mb4_unicode_ci NOT NULL,
  `user_id` int(10) UNSIGNED DEFAULT NULL,
  `ip_address` varchar(45) COLLATE utf8mb4_unicode_ci DEFAULT NULL,
  `user_agent` text COLLATE utf8mb4_unicode_ci DEFAULT NULL,
  `payload` text COLLATE utf8mb4_unicode_ci NOT NULL,
  `last_activity` int(11) NOT NULL
) ENGINE=InnoDB DEFAULT CHARSET=utf8mb4 COLLATE=utf8mb4_unicode_ci;

-- --------------------------------------------------------

--
-- Table structure for table `settings`
--

CREATE TABLE `settings` (
  `id` int(10) UNSIGNED NOT NULL,
  `name` varchar(600) COLLATE utf8mb4_unicode_ci DEFAULT NULL,
  `logo` varchar(191) COLLATE utf8mb4_unicode_ci DEFAULT NULL,
  `favicon` varchar(191) COLLATE utf8mb4_unicode_ci DEFAULT NULL,
  `seo_title` varchar(191) COLLATE utf8mb4_unicode_ci DEFAULT NULL,
  `seo_keyword` text COLLATE utf8mb4_unicode_ci DEFAULT NULL,
  `seo_description` text COLLATE utf8mb4_unicode_ci DEFAULT NULL,
  `company_contact` varchar(191) COLLATE utf8mb4_unicode_ci DEFAULT NULL,
  `company_address` text COLLATE utf8mb4_unicode_ci DEFAULT NULL,
  `from_name` varchar(191) COLLATE utf8mb4_unicode_ci DEFAULT NULL,
  `from_email` varchar(191) COLLATE utf8mb4_unicode_ci DEFAULT NULL,
  `facebook` varchar(191) COLLATE utf8mb4_unicode_ci DEFAULT NULL,
  `linkedin` varchar(191) COLLATE utf8mb4_unicode_ci DEFAULT NULL,
  `twitter` varchar(191) COLLATE utf8mb4_unicode_ci DEFAULT NULL,
  `google` varchar(191) COLLATE utf8mb4_unicode_ci DEFAULT NULL,
  `copyright_text` varchar(191) COLLATE utf8mb4_unicode_ci DEFAULT NULL,
  `footer_text` varchar(191) COLLATE utf8mb4_unicode_ci DEFAULT NULL,
  `terms` text COLLATE utf8mb4_unicode_ci DEFAULT NULL,
  `disclaimer` text COLLATE utf8mb4_unicode_ci DEFAULT NULL,
  `google_analytics` text COLLATE utf8mb4_unicode_ci DEFAULT NULL,
  `home_video1` varchar(191) COLLATE utf8mb4_unicode_ci DEFAULT NULL,
  `home_video2` varchar(191) COLLATE utf8mb4_unicode_ci DEFAULT NULL,
  `home_video3` varchar(191) COLLATE utf8mb4_unicode_ci DEFAULT NULL,
  `home_video4` varchar(191) COLLATE utf8mb4_unicode_ci DEFAULT NULL,
  `explanation1` varchar(191) COLLATE utf8mb4_unicode_ci DEFAULT NULL,
  `explanation2` varchar(191) COLLATE utf8mb4_unicode_ci DEFAULT NULL,
  `explanation3` varchar(191) COLLATE utf8mb4_unicode_ci DEFAULT NULL,
  `explanation4` varchar(191) COLLATE utf8mb4_unicode_ci DEFAULT NULL,
  `values` text COLLATE utf8mb4_unicode_ci DEFAULT NULL,
  `data_type` varchar(100) COLLATE utf8mb4_unicode_ci DEFAULT NULL,
  `post_type` varchar(100) COLLATE utf8mb4_unicode_ci DEFAULT NULL,
  `created_at` timestamp NULL DEFAULT NULL,
  `updated_at` timestamp NULL DEFAULT NULL
) ENGINE=InnoDB DEFAULT CHARSET=utf8mb4 COLLATE=utf8mb4_unicode_ci;

-- --------------------------------------------------------

--
-- Table structure for table `social_logins`
--

CREATE TABLE `social_logins` (
  `id` int(10) UNSIGNED NOT NULL,
  `user_id` int(10) UNSIGNED NOT NULL,
  `provider` varchar(32) COLLATE utf8mb4_unicode_ci NOT NULL,
  `provider_id` varchar(191) COLLATE utf8mb4_unicode_ci NOT NULL,
  `token` varchar(191) COLLATE utf8mb4_unicode_ci DEFAULT NULL,
  `avatar` varchar(191) COLLATE utf8mb4_unicode_ci DEFAULT NULL,
  `created_at` timestamp NULL DEFAULT NULL,
  `updated_at` timestamp NULL DEFAULT NULL
) ENGINE=InnoDB DEFAULT CHARSET=utf8mb4 COLLATE=utf8mb4_unicode_ci;

-- --------------------------------------------------------

--
-- Table structure for table `sttable`
--

CREATE TABLE `sttable` (
  `id` int(11) NOT NULL,
  `vehicleno` varchar(150) NOT NULL,
  `name` varchar(150) NOT NULL,
  `registrationno` varchar(150) NOT NULL,
  `tax_issdt` date NOT NULL,
  `tax_expdt` date NOT NULL,
  `fit_issdt` date NOT NULL,
  `fit_expdt` date NOT NULL,
  `ins_issdt` date NOT NULL,
  `ins_expdt` date NOT NULL,
  `rou_issdt` date NOT NULL,
  `rou_expdt` date NOT NULL,
  `engineno` varchar(55) NOT NULL,
  `chasisno` varchar(50) NOT NULL,
  `regdate` date NOT NULL,
  `serialno` varchar(50) NOT NULL,
  `modelno` varchar(50) NOT NULL,
  `ccno` varchar(50) NOT NULL,
  `netvalue` int(11) NOT NULL,
  `sno` int(11) NOT NULL,
  `myear` varchar(50) NOT NULL,
  `office` varchar(75) NOT NULL,
  `division` varchar(79) NOT NULL,
  `location` varchar(80) NOT NULL,
  `photo` varchar(1000) NOT NULL,
  `status` varchar(100) NOT NULL
) ENGINE=InnoDB DEFAULT CHARSET=latin1;

-- --------------------------------------------------------

--
-- Table structure for table `sub_category`
--

CREATE TABLE `sub_category` (
  `id` int(11) NOT NULL,
  `parent_id` int(11) NOT NULL,
  `sub_code` varchar(400) NOT NULL,
  `name` varchar(600) NOT NULL,
  `description` text NOT NULL,
  `user_id` int(11) NOT NULL
) ENGINE=InnoDB DEFAULT CHARSET=utf8;

-- --------------------------------------------------------

--
-- Table structure for table `suppliers`
--

CREATE TABLE `suppliers` (
  `id` int(11) NOT NULL,
  `code` varchar(100) NOT NULL,
  `name` varchar(100) NOT NULL,
  `address` varchar(5000) NOT NULL,
  `contact_person` varchar(100) NOT NULL,
  `supplier_phone` varchar(100) NOT NULL,
  `supplier_op_balance` varchar(100) NOT NULL,
  `supplier_type` varchar(100) NOT NULL,
  `material_type` varchar(100) NOT NULL
) ENGINE=InnoDB DEFAULT CHARSET=utf8;

-- --------------------------------------------------------

--
-- Table structure for table `supplier_payment`
--

CREATE TABLE `supplier_payment` (
  `id` int(11) NOT NULL,
  `voucherid` varchar(15) CHARACTER SET latin1 NOT NULL,
  `voucherdate` date NOT NULL,
  `supplierid` varchar(15) CHARACTER SET latin1 NOT NULL,
  `paymenttype` varchar(25) CHARACTER SET latin1 NOT NULL,
  `amount` double NOT NULL,
  `remarks` varchar(500) CHARACTER SET latin1 NOT NULL,
  `sp_photo` varchar(1000) NOT NULL
) ENGINE=InnoDB DEFAULT CHARSET=utf8;

-- --------------------------------------------------------

--
-- Table structure for table `tbl_customer`
--

CREATE TABLE `tbl_customer` (
  `CustomerID` int(11) NOT NULL,
  `CustomerName` varchar(250) NOT NULL,
  `Address` text NOT NULL,
  `City` varchar(250) NOT NULL,
  `PostalCode` varchar(30) NOT NULL,
  `Country` varchar(100) NOT NULL
) ENGINE=MyISAM DEFAULT CHARSET=latin1;

-- --------------------------------------------------------

--
-- Table structure for table `tb_billpayment`
--

CREATE TABLE `tb_billpayment` (
  `id` int(11) NOT NULL,
  `mr_no` varchar(100) NOT NULL,
  `mr_date` varchar(100) NOT NULL,
  `invoice_no` varchar(100) NOT NULL,
  `customer_id` varchar(100) NOT NULL,
  `accheadname` varchar(100) NOT NULL,
  `debitamount` varchar(100) NOT NULL,
  `creditamount` varchar(100) NOT NULL,
  `mode` varchar(100) NOT NULL,
  `bank` varchar(100) NOT NULL,
  `branch` varchar(100) NOT NULL,
  `check_no` text NOT NULL,
  `check_date` varchar(100) NOT NULL,
  `job_card_no` varchar(100) NOT NULL,
  `remarks` longtext NOT NULL
) ENGINE=InnoDB DEFAULT CHARSET=utf8;

-- --------------------------------------------------------

--
-- Table structure for table `tb_ledger`
--

CREATE TABLE `tb_ledger` (
  `id` int(11) NOT NULL,
  `source` varchar(100) NOT NULL,
  `ref_no` varchar(100) NOT NULL,
  `customer_id` varchar(100) NOT NULL,
  `tran_date` varchar(100) NOT NULL,
  `remarks` longtext NOT NULL,
  `debit` varchar(100) NOT NULL,
  `credit` varchar(100) NOT NULL
) ENGINE=InnoDB DEFAULT CHARSET=utf8;

-- --------------------------------------------------------

--
-- Table structure for table `temp_product_receive_data`
--

CREATE TABLE `temp_product_receive_data` (
  `id` int(11) NOT NULL,
  `receive_no` varchar(500) NOT NULL,
  `receive_date` datetime NOT NULL,
  `product_id` int(11) NOT NULL,
  `part_no` varchar(500) NOT NULL,
  `supplier_id` varchar(250) DEFAULT NULL,
  `quantity` int(11) NOT NULL,
  `unit_price` float NOT NULL DEFAULT 0,
  `project_id` int(11) NOT NULL,
  `project_to_id` int(11) DEFAULT NULL
) ENGINE=InnoDB DEFAULT CHARSET=latin1;

-- --------------------------------------------------------

--
-- Table structure for table `users`
--

CREATE TABLE `users` (
  `id` int(11) NOT NULL,
  `id2` int(10) UNSIGNED NOT NULL,
  `first_name` varchar(191) COLLATE utf8mb4_unicode_ci NOT NULL,
  `last_name` varchar(191) COLLATE utf8mb4_unicode_ci NOT NULL,
  `user_type` varchar(100) COLLATE utf8mb4_unicode_ci NOT NULL,
  `project_id` varchar(100) COLLATE utf8mb4_unicode_ci NOT NULL,
  `warehouse_id` varchar(100) COLLATE utf8mb4_unicode_ci NOT NULL,
  `email` varchar(191) COLLATE utf8mb4_unicode_ci NOT NULL,
  `password` varchar(191) COLLATE utf8mb4_unicode_ci DEFAULT NULL,
  `status` tinyint(1) NOT NULL DEFAULT 1,
  `confirmation_code` varchar(191) COLLATE utf8mb4_unicode_ci DEFAULT NULL,
  `confirmed` tinyint(1) NOT NULL DEFAULT 0,
  `is_term_accept` tinyint(1) NOT NULL DEFAULT 0 COMMENT ' 0 = not accepted,1 = accepted',
  `remember_token` varchar(100) COLLATE utf8mb4_unicode_ci DEFAULT NULL,
  `created_by` int(11) DEFAULT NULL,
  `updated_by` int(10) UNSIGNED DEFAULT NULL,
  `created_at` timestamp NULL DEFAULT NULL,
  `updated_at` timestamp NULL DEFAULT NULL,
  `deleted_at` timestamp NULL DEFAULT NULL
) ENGINE=InnoDB DEFAULT CHARSET=utf8mb4 COLLATE=utf8mb4_unicode_ci;

--
-- Dumping data for table `users`
--

INSERT INTO `users` (`id`, `id2`, `first_name`, `last_name`, `user_type`, `project_id`, `warehouse_id`, `email`, `password`, `status`, `confirmation_code`, `confirmed`, `is_term_accept`, `remember_token`, `created_by`, `updated_by`, `created_at`, `updated_at`, `deleted_at`) VALUES
(1, 1, 'Admin', 'Saif', 'admin', '2', '13', 'admin@admin.com', 'bfb1e4e7ace6d70c18b69a2a6cf4a415', 1, 'b1970adb3f301c8440c81e45b526060c', 1, 0, 'PCgsDtfHhHDhADntGcj7D97A9e4U0gtx0hlLn2heuaMyQBq5Gaa2sP55BPGr', 1, 1, '2019-01-14 00:17:02', '2019-01-20 20:36:38', NULL),
(2, 2, 'Chandupara', 'Warehouse', 'whm', '2', '10', 'cp_321@eel.com', 'a2abd69c54768a5c99541b57a3f790a2', 1, '68c7a7b3a2968803ae6db884ae89f446', 1, 0, NULL, 1, NULL, '2019-01-14 00:17:02', '2019-01-14 00:17:02', NULL),
(3, 3, 'Londa', 'Warehouse', 'whm', '2', '11', 'londa_230@eel.com', '91b02fec7b8f126b94ca6cef9db35ec6', 1, 'fe3ae4e0b22211d756922a0bede508cf', 1, 0, NULL, 1, NULL, '2019-01-14 00:17:02', '2019-01-14 00:17:02', NULL),
(4, 4, 'Super', 'Admin', 'superAdmin', '2', '7', 'superadmin@admin.com', 'be05977add575832dc52655d4ad5c42e', 1, 'b1970adb3f301c8440c81e45b526060c', 1, 0, 'PCgsDtfHhHDhADntGcj7D97A9e4U0gtx0hlLn2heuaMyQBq5Gaa2sP55BPGr', 4, 4, NULL, NULL, NULL),
(6, 3, 'Lalua', 'Warehouse', 'whm', '2', '12', 'lalua_3541@eel.com', '115993e6efd414f7d2ebf560ee9d7b7c', 1, 'fe3ae4e0b22211d756922a0bede508cf', 1, 0, NULL, 1, NULL, '2019-01-14 00:17:02', '2019-01-14 00:17:02', NULL);

--
-- Indexes for dumped tables
--

--
-- Indexes for table `buildings`
--
ALTER TABLE `buildings`
  ADD PRIMARY KEY (`id`);

--
-- Indexes for table `complain_type`
--
ALTER TABLE `complain_type`
  ADD PRIMARY KEY (`id`);

--
-- Indexes for table `inv_challan`
--
ALTER TABLE `inv_challan`
  ADD PRIMARY KEY (`id`);

--
-- Indexes for table `inv_complain`
--
ALTER TABLE `inv_complain`
  ADD PRIMARY KEY (`id`);

--
-- Indexes for table `inv_complaindetails`
--
ALTER TABLE `inv_complaindetails`
  ADD PRIMARY KEY (`id`);

--
-- Indexes for table `inv_designation`
--
ALTER TABLE `inv_designation`
  ADD PRIMARY KEY (`id`);

--
-- Indexes for table `inv_employee`
--
ALTER TABLE `inv_employee`
  ADD PRIMARY KEY (`id`);

--
-- Indexes for table `inv_invoice`
--
ALTER TABLE `inv_invoice`
  ADD PRIMARY KEY (`id`);

--
-- Indexes for table `inv_invoice_details`
--
ALTER TABLE `inv_invoice_details`
  ADD PRIMARY KEY (`id`);

--
-- Indexes for table `inv_issue`
--
ALTER TABLE `inv_issue`
  ADD PRIMARY KEY (`id`);

--
-- Indexes for table `inv_issuedetail`
--
ALTER TABLE `inv_issuedetail`
  ADD PRIMARY KEY (`id`);

--
-- Indexes for table `inv_item_unit`
--
ALTER TABLE `inv_item_unit`
  ADD PRIMARY KEY (`id`);

--
-- Indexes for table `inv_job_card`
--
ALTER TABLE `inv_job_card`
  ADD PRIMARY KEY (`id`);

--
-- Indexes for table `inv_job_card_details`
--
ALTER TABLE `inv_job_card_details`
  ADD PRIMARY KEY (`id`);

--
-- Indexes for table `inv_material`
--
ALTER TABLE `inv_material`
  ADD PRIMARY KEY (`id`);

--
-- Indexes for table `inv_materialbalance`
--
ALTER TABLE `inv_materialbalance`
  ADD PRIMARY KEY (`id`);

--
-- Indexes for table `inv_materialcategory`
--
ALTER TABLE `inv_materialcategory`
  ADD PRIMARY KEY (`id`);

--
-- Indexes for table `inv_materialcategorysub`
--
ALTER TABLE `inv_materialcategorysub`
  ADD PRIMARY KEY (`id`);

--
-- Indexes for table `inv_material_level3`
--
ALTER TABLE `inv_material_level3`
  ADD PRIMARY KEY (`id`);

--
-- Indexes for table `inv_material_level4`
--
ALTER TABLE `inv_material_level4`
  ADD PRIMARY KEY (`id`);

--
-- Indexes for table `inv_particulars`
--
ALTER TABLE `inv_particulars`
  ADD PRIMARY KEY (`id`);

--
-- Indexes for table `inv_particulars_type`
--
ALTER TABLE `inv_particulars_type`
  ADD PRIMARY KEY (`id`);

--
-- Indexes for table `inv_purchase`
--
ALTER TABLE `inv_purchase`
  ADD PRIMARY KEY (`id`);

--
-- Indexes for table `inv_purchasedetail`
--
ALTER TABLE `inv_purchasedetail`
  ADD PRIMARY KEY (`id`);

--
-- Indexes for table `inv_receive`
--
ALTER TABLE `inv_receive`
  ADD PRIMARY KEY (`id`);

--
-- Indexes for table `inv_receivedetail`
--
ALTER TABLE `inv_receivedetail`
  ADD PRIMARY KEY (`id`);

--
-- Indexes for table `inv_return`
--
ALTER TABLE `inv_return`
  ADD PRIMARY KEY (`id`);

--
-- Indexes for table `inv_returndetail`
--
ALTER TABLE `inv_returndetail`
  ADD PRIMARY KEY (`id`);

--
-- Indexes for table `inv_serviceinvoice`
--
ALTER TABLE `inv_serviceinvoice`
  ADD PRIMARY KEY (`id`);

--
-- Indexes for table `inv_supplier`
--
ALTER TABLE `inv_supplier`
  ADD PRIMARY KEY (`id`);

--
-- Indexes for table `inv_supplierbalance`
--
ALTER TABLE `inv_supplierbalance`
  ADD PRIMARY KEY (`id`);

--
-- Indexes for table `inv_technicianinfo`
--
ALTER TABLE `inv_technicianinfo`
  ADD PRIMARY KEY (`id`);

--
-- Indexes for table `inv_tranferdetail`
--
ALTER TABLE `inv_tranferdetail`
  ADD PRIMARY KEY (`id`);

--
-- Indexes for table `inv_transfermaster`
--
ALTER TABLE `inv_transfermaster`
  ADD PRIMARY KEY (`id`);

--
-- Indexes for table `inv_voucher`
--
ALTER TABLE `inv_voucher`
  ADD PRIMARY KEY (`id`);

--
-- Indexes for table `inv_voucherdetails`
--
ALTER TABLE `inv_voucherdetails`
  ADD PRIMARY KEY (`id`);

--
-- Indexes for table `inv_voucher_cat`
--
ALTER TABLE `inv_voucher_cat`
  ADD PRIMARY KEY (`id`);

--
-- Indexes for table `inv_warehosueinfo`
--
ALTER TABLE `inv_warehosueinfo`
  ADD PRIMARY KEY (`id`);

--
-- Indexes for table `materialbalance`
--
ALTER TABLE `materialbalance`
  ADD KEY `id` (`id`);

--
-- Indexes for table `packages`
--
ALTER TABLE `packages`
  ADD PRIMARY KEY (`id`);

--
-- Indexes for table `projects`
--
ALTER TABLE `projects`
  ADD PRIMARY KEY (`id`);

--
-- Indexes for table `sttable`
--
ALTER TABLE `sttable`
  ADD PRIMARY KEY (`id`);

--
-- Indexes for table `suppliers`
--
ALTER TABLE `suppliers`
  ADD PRIMARY KEY (`id`);

--
-- Indexes for table `supplier_payment`
--
ALTER TABLE `supplier_payment`
  ADD PRIMARY KEY (`id`);

--
-- Indexes for table `tbl_customer`
--
ALTER TABLE `tbl_customer`
  ADD PRIMARY KEY (`CustomerID`);

--
-- Indexes for table `tb_billpayment`
--
ALTER TABLE `tb_billpayment`
  ADD PRIMARY KEY (`id`);

--
-- Indexes for table `tb_ledger`
--
ALTER TABLE `tb_ledger`
  ADD PRIMARY KEY (`id`);

--
-- Indexes for table `users`
--
ALTER TABLE `users`
  ADD PRIMARY KEY (`id`);

--
-- AUTO_INCREMENT for dumped tables
--

--
-- AUTO_INCREMENT for table `buildings`
--
ALTER TABLE `buildings`
  MODIFY `id` int(11) NOT NULL AUTO_INCREMENT;

--
-- AUTO_INCREMENT for table `complain_type`
--
ALTER TABLE `complain_type`
  MODIFY `id` int(11) NOT NULL AUTO_INCREMENT;

--
-- AUTO_INCREMENT for table `inv_challan`
--
ALTER TABLE `inv_challan`
  MODIFY `id` int(11) NOT NULL AUTO_INCREMENT;

--
-- AUTO_INCREMENT for table `inv_complain`
--
ALTER TABLE `inv_complain`
  MODIFY `id` int(11) NOT NULL AUTO_INCREMENT;

--
-- AUTO_INCREMENT for table `inv_complaindetails`
--
ALTER TABLE `inv_complaindetails`
  MODIFY `id` int(11) NOT NULL AUTO_INCREMENT;

--
-- AUTO_INCREMENT for table `inv_designation`
--
ALTER TABLE `inv_designation`
  MODIFY `id` int(11) NOT NULL AUTO_INCREMENT;

--
-- AUTO_INCREMENT for table `inv_employee`
--
ALTER TABLE `inv_employee`
  MODIFY `id` int(11) NOT NULL AUTO_INCREMENT;

--
-- AUTO_INCREMENT for table `inv_invoice`
--
ALTER TABLE `inv_invoice`
  MODIFY `id` int(11) NOT NULL AUTO_INCREMENT;

--
-- AUTO_INCREMENT for table `inv_invoice_details`
--
ALTER TABLE `inv_invoice_details`
  MODIFY `id` int(11) NOT NULL AUTO_INCREMENT;

--
-- AUTO_INCREMENT for table `inv_issue`
--
ALTER TABLE `inv_issue`
  MODIFY `id` int(11) NOT NULL AUTO_INCREMENT;

--
-- AUTO_INCREMENT for table `inv_issuedetail`
--
ALTER TABLE `inv_issuedetail`
  MODIFY `id` int(11) NOT NULL AUTO_INCREMENT;

--
-- AUTO_INCREMENT for table `inv_item_unit`
--
ALTER TABLE `inv_item_unit`
  MODIFY `id` int(11) NOT NULL AUTO_INCREMENT, AUTO_INCREMENT=24;

--
-- AUTO_INCREMENT for table `inv_job_card`
--
ALTER TABLE `inv_job_card`
  MODIFY `id` int(11) NOT NULL AUTO_INCREMENT;

--
-- AUTO_INCREMENT for table `inv_job_card_details`
--
ALTER TABLE `inv_job_card_details`
  MODIFY `id` int(11) NOT NULL AUTO_INCREMENT;

--
-- AUTO_INCREMENT for table `inv_material`
--
ALTER TABLE `inv_material`
  MODIFY `id` int(11) NOT NULL AUTO_INCREMENT, AUTO_INCREMENT=275;

--
-- AUTO_INCREMENT for table `inv_materialbalance`
--
ALTER TABLE `inv_materialbalance`
  MODIFY `id` int(11) NOT NULL AUTO_INCREMENT;

--
-- AUTO_INCREMENT for table `inv_materialcategory`
--
ALTER TABLE `inv_materialcategory`
  MODIFY `id` int(11) NOT NULL AUTO_INCREMENT, AUTO_INCREMENT=131;

--
-- AUTO_INCREMENT for table `inv_materialcategorysub`
--
ALTER TABLE `inv_materialcategorysub`
  MODIFY `id` int(11) NOT NULL AUTO_INCREMENT, AUTO_INCREMENT=55;

--
-- AUTO_INCREMENT for table `inv_material_level3`
--
ALTER TABLE `inv_material_level3`
  MODIFY `id` int(11) NOT NULL AUTO_INCREMENT, AUTO_INCREMENT=33;

--
-- AUTO_INCREMENT for table `inv_material_level4`
--
ALTER TABLE `inv_material_level4`
  MODIFY `id` int(11) NOT NULL AUTO_INCREMENT, AUTO_INCREMENT=20;

--
-- AUTO_INCREMENT for table `inv_particulars`
--
ALTER TABLE `inv_particulars`
  MODIFY `id` int(11) NOT NULL AUTO_INCREMENT;

--
-- AUTO_INCREMENT for table `inv_particulars_type`
--
ALTER TABLE `inv_particulars_type`
  MODIFY `id` int(11) NOT NULL AUTO_INCREMENT;

--
-- AUTO_INCREMENT for table `inv_purchase`
--
ALTER TABLE `inv_purchase`
  MODIFY `id` int(11) NOT NULL AUTO_INCREMENT;

--
-- AUTO_INCREMENT for table `inv_purchasedetail`
--
ALTER TABLE `inv_purchasedetail`
  MODIFY `id` int(11) NOT NULL AUTO_INCREMENT;

--
-- AUTO_INCREMENT for table `inv_receive`
--
ALTER TABLE `inv_receive`
  MODIFY `id` int(11) NOT NULL AUTO_INCREMENT;

--
-- AUTO_INCREMENT for table `inv_receivedetail`
--
ALTER TABLE `inv_receivedetail`
  MODIFY `id` int(11) NOT NULL AUTO_INCREMENT;

--
-- AUTO_INCREMENT for table `inv_return`
--
ALTER TABLE `inv_return`
  MODIFY `id` int(11) NOT NULL AUTO_INCREMENT;

--
-- AUTO_INCREMENT for table `inv_returndetail`
--
ALTER TABLE `inv_returndetail`
  MODIFY `id` int(11) NOT NULL AUTO_INCREMENT;

--
-- AUTO_INCREMENT for table `inv_serviceinvoice`
--
ALTER TABLE `inv_serviceinvoice`
  MODIFY `id` int(11) NOT NULL AUTO_INCREMENT;

--
-- AUTO_INCREMENT for table `inv_supplier`
--
ALTER TABLE `inv_supplier`
  MODIFY `id` int(11) NOT NULL AUTO_INCREMENT;

--
-- AUTO_INCREMENT for table `inv_supplierbalance`
--
ALTER TABLE `inv_supplierbalance`
  MODIFY `id` int(11) NOT NULL AUTO_INCREMENT;

--
-- AUTO_INCREMENT for table `inv_technicianinfo`
--
ALTER TABLE `inv_technicianinfo`
  MODIFY `id` int(11) NOT NULL AUTO_INCREMENT;

--
-- AUTO_INCREMENT for table `inv_tranferdetail`
--
ALTER TABLE `inv_tranferdetail`
  MODIFY `id` int(11) NOT NULL AUTO_INCREMENT;

--
-- AUTO_INCREMENT for table `inv_transfermaster`
--
ALTER TABLE `inv_transfermaster`
  MODIFY `id` int(11) NOT NULL AUTO_INCREMENT;

--
-- AUTO_INCREMENT for table `inv_voucher`
--
ALTER TABLE `inv_voucher`
  MODIFY `id` int(11) NOT NULL AUTO_INCREMENT;

--
-- AUTO_INCREMENT for table `inv_voucherdetails`
--
ALTER TABLE `inv_voucherdetails`
  MODIFY `id` int(11) NOT NULL AUTO_INCREMENT;

--
-- AUTO_INCREMENT for table `inv_voucher_cat`
--
ALTER TABLE `inv_voucher_cat`
  MODIFY `id` int(11) NOT NULL AUTO_INCREMENT;

--
-- AUTO_INCREMENT for table `inv_warehosueinfo`
--
ALTER TABLE `inv_warehosueinfo`
  MODIFY `id` int(11) NOT NULL AUTO_INCREMENT, AUTO_INCREMENT=3;

--
-- AUTO_INCREMENT for table `materialbalance`
--
ALTER TABLE `materialbalance`
  MODIFY `id` int(11) NOT NULL AUTO_INCREMENT;

--
-- AUTO_INCREMENT for table `packages`
--
ALTER TABLE `packages`
  MODIFY `id` int(11) NOT NULL AUTO_INCREMENT;

--
-- AUTO_INCREMENT for table `projects`
--
ALTER TABLE `projects`
  MODIFY `id` int(11) NOT NULL AUTO_INCREMENT, AUTO_INCREMENT=2;

--
-- AUTO_INCREMENT for table `sttable`
--
ALTER TABLE `sttable`
  MODIFY `id` int(11) NOT NULL AUTO_INCREMENT;

--
-- AUTO_INCREMENT for table `suppliers`
--
ALTER TABLE `suppliers`
  MODIFY `id` int(11) NOT NULL AUTO_INCREMENT;

--
-- AUTO_INCREMENT for table `supplier_payment`
--
ALTER TABLE `supplier_payment`
  MODIFY `id` int(11) NOT NULL AUTO_INCREMENT;

--
-- AUTO_INCREMENT for table `tbl_customer`
--
ALTER TABLE `tbl_customer`
  MODIFY `CustomerID` int(11) NOT NULL AUTO_INCREMENT, AUTO_INCREMENT=14;

--
-- AUTO_INCREMENT for table `tb_billpayment`
--
ALTER TABLE `tb_billpayment`
  MODIFY `id` int(11) NOT NULL AUTO_INCREMENT;

--
-- AUTO_INCREMENT for table `tb_ledger`
--
ALTER TABLE `tb_ledger`
  MODIFY `id` int(11) NOT NULL AUTO_INCREMENT;

--
-- AUTO_INCREMENT for table `users`
--
ALTER TABLE `users`
  MODIFY `id` int(11) NOT NULL AUTO_INCREMENT, AUTO_INCREMENT=7;
COMMIT;

/*!40101 SET CHARACTER_SET_CLIENT=@OLD_CHARACTER_SET_CLIENT */;
/*!40101 SET CHARACTER_SET_RESULTS=@OLD_CHARACTER_SET_RESULTS */;
/*!40101 SET COLLATION_CONNECTION=@OLD_COLLATION_CONNECTION */;
